Features,type,predictions
TGCCCTAAGGGTCTCC_2-0,1,1
TACGGGCAGTTGAGTA_1-3,1,1
TTCTTAGAGAGGTAGA_9-3,2,2
GTACTTTTCTTTACGT_2-4,1,1
ATTACTCGTGTTGAGG_9-2,2,2
GAGTCCGTCTTCCTTC_2-0,1,1
CGGTTAAAGTCCGGTC_8-5,2,2
TCGAGGCTCGTTTGCC_6-5,0,0
GTACTTTGTCCAACTA_9-2,2,2
AGTGTCAGTGTTCGAT_6-4,0,0
TGGTTAGCAAGGTTCT_9-0,2,2
ATTACTCCAACTTGAC_5-2,0,0
TGGACGCGTAAACGCG_9-5,2,2
ATGAGGGGTTACCAGT_4-1,1,1
AGCCTAATCTGCTGTC_11-3,2,2
AAACCTGCACGGATAG_1-1,1,1
TCGGTAACAACAACCT_2-0,1,1
CATGACAGTCGAGTTT_9-2,2,2
TTATGCTAGCAATCTC_2-1,1,1
TTCGGTCAGTGCTGCC_9-3,2,2
GGTGAAGAGGCTAGAC_5-4,0,0
ACTTGTTGTAATCGTC_2-6,1,1
AGGTCCGTCAGGCAAG_9-3,2,2
TCCACACAGCTGCGAA_9-6,2,2
